timestamp,event_type,session_id,trial_id,post,condition,model_used,ai_generated_post,user_confidence,user_decision,decision_time_ms,user_action,correct,ai_output_probability,ai_output_response,ai_output_conclusion,ai_uncertainty,extracted_text,capture_name,notes
2026-01-19T21:19:17.534Z,post_edited,34475ce1-2bed-40c2-8f7f-8824b31129f8,,https://www.jeuxvideo.com/forums/42-3031-48483812-1-0-1-0-compatibilite-sauvegarde-entre-versions-sur-ps1.htm,User Alone,,true,,,,,,,,,,,,
2026-01-19T21:19:17.644Z,post_edited,34475ce1-2bed-40c2-8f7f-8824b31129f8,,https://www.jeuxvideo.com/forums/42-3000003-70395444-1-0-1-0-trophees-non-debloque.htm,User Alone,,false,,,,,,,,,,,,
2026-01-19T21:19:18.056Z,post_edited,34475ce1-2bed-40c2-8f7f-8824b31129f8,,https://www.reddit.com/r/france/comments/u3lgkb/questce_qui_rend_votre_m%C3%A9tier_indispensable/,User Alone,,true,,,,,,,,,,,,
2026-01-19T21:19:18.653Z,post_edited,34475ce1-2bed-40c2-8f7f-8824b31129f8,,https://www.reddit.com/r/philosophie/comments/vz90xf/pour_vous_quel_serait_le_sens_de_la_vie/,User Alone,,true,,,,,,,,,,,,
2026-01-19T21:19:18.664Z,post_edited,34475ce1-2bed-40c2-8f7f-8824b31129f8,,https://www.reddit.com/r/france/comments/uquq0g/estce_que_vous_avez_une_d%C3%A9formation/,User Alone,,false,,,,,,,,,,,,
2026-01-19T21:19:19.030Z,post_edited,34475ce1-2bed-40c2-8f7f-8824b31129f8,,https://www.reddit.com/r/france/comments/iwiq5r/suggestions_de_hobby/,User Alone,,false,,,,,,,,,,,,
2026-01-19T21:19:19.082Z,post_edited,34475ce1-2bed-40c2-8f7f-8824b31129f8,,https://www.reddit.com/r/france/comments/swj2pu/jai_trouv%C3%A9_du_roquefort_soci%C3%A9t%C3%A9_aux_usa_et_il_y_a/,User Alone,,true,,,,,,,,,,,,
2026-01-19T21:19:19.187Z,post_edited,34475ce1-2bed-40c2-8f7f-8824b31129f8,,https://www.reddit.com/r/france/comments/tw35nv/avis_pour_robot_cuiseur/,User Alone,,false,,,,,,,,,,,,
2026-01-19T21:19:19.475Z,post_edited,34475ce1-2bed-40c2-8f7f-8824b31129f8,,https://x.com/thibaultbrock/status/1226080474289844224,User Alone,,false,,,,,,,,,,,,
2026-01-19T21:19:22.191Z,start,34475ce1-2bed-40c2-8f7f-8824b31129f8,0,https://www.reddit.com/r/philosophie/comments/vz90xf/pour_vous_quel_serait_le_sens_de_la_vie/,User Alone,gemma3,true,,,,,,,,,,,,
2026-01-19T21:20:00.312Z,decision,34475ce1-2bed-40c2-8f7f-8824b31129f8,0,https://www.reddit.com/r/philosophie/comments/vz90xf/pour_vous_quel_serait_le_sens_de_la_vie/,User Alone,gemma3,true,0.7,Yes,,ignore,NO,,,,,,,
2026-01-19T21:20:30.987Z,start,34475ce1-2bed-40c2-8f7f-8824b31129f8,1,https://www.jeuxvideo.com/forums/42-3000003-70395444-1-0-1-0-trophees-non-debloque.htm,User Alone,gemma3,false,,,,,,,,,,,,
2026-01-19T21:20:37.733Z,decision,34475ce1-2bed-40c2-8f7f-8824b31129f8,1,https://www.jeuxvideo.com/forums/42-3000003-70395444-1-0-1-0-trophees-non-debloque.htm,User Alone,gemma3,false,0.6,No,,ignore,YES,,,,,,,
2026-01-19T21:21:09.331Z,start,34475ce1-2bed-40c2-8f7f-8824b31129f8,2,https://www.reddit.com/r/Lyon/comments/tgzdyz/le_30_mars_2022_la_ville_de_lyon_passe_%C3%A0_30kmh/,User Alone,gemma3,false,,,,,,,,,,,,
2026-01-19T21:21:16.137Z,decision,34475ce1-2bed-40c2-8f7f-8824b31129f8,2,https://www.reddit.com/r/Lyon/comments/tgzdyz/le_30_mars_2022_la_ville_de_lyon_passe_%C3%A0_30kmh/,User Alone,gemma3,false,0.7,Yes,,ignore,NO,,,,,,,
2026-01-19T21:21:28.516Z,start,34475ce1-2bed-40c2-8f7f-8824b31129f8,3,https://www.jeuxvideo.com/forums/42-3031-48483812-1-0-1-0-compatibilite-sauvegarde-entre-versions-sur-ps1.htm,User Alone,gemma3,true,,,,,,,,,,,,
2026-01-19T21:21:32.671Z,decision,34475ce1-2bed-40c2-8f7f-8824b31129f8,3,https://www.jeuxvideo.com/forums/42-3031-48483812-1-0-1-0-compatibilite-sauvegarde-entre-versions-sur-ps1.htm,User Alone,gemma3,true,0.5,No,,ignore,NO,,,,,,,
2026-01-19T21:22:02.566Z,start,34475ce1-2bed-40c2-8f7f-8824b31129f8,4,https://www.reddit.com/r/france/comments/uquq0g/estce_que_vous_avez_une_d%C3%A9formation/,User Alone,gemma3,false,,,,,,,,,,,,
2026-01-19T21:22:06.643Z,decision,34475ce1-2bed-40c2-8f7f-8824b31129f8,4,https://www.reddit.com/r/france/comments/uquq0g/estce_que_vous_avez_une_d%C3%A9formation/,User Alone,gemma3,false,0.6,No,,ignore,YES,,,,,,,
2026-01-19T21:22:31.363Z,start,34475ce1-2bed-40c2-8f7f-8824b31129f8,5,https://www.reddit.com/r/france/comments/uni1lh/que_peuton_faire_si_on_a_identifi%C3%A9_un_vendeur/,User Alone,gemma3,false,,,,,,,,,,,,
2026-01-19T21:22:35.453Z,decision,34475ce1-2bed-40c2-8f7f-8824b31129f8,5,https://www.reddit.com/r/france/comments/uni1lh/que_peuton_faire_si_on_a_identifi%C3%A9_un_vendeur/,User Alone,gemma3,false,0.7,Yes,,ignore,NO,,,,,,,
2026-01-19T21:23:00.096Z,start,34475ce1-2bed-40c2-8f7f-8824b31129f8,6,https://www.reddit.com/r/france/comments/iwiq5r/suggestions_de_hobby/,User Alone,gemma3,false,,,,,,,,,,,,
2026-01-19T21:23:03.918Z,decision,34475ce1-2bed-40c2-8f7f-8824b31129f8,6,https://www.reddit.com/r/france/comments/iwiq5r/suggestions_de_hobby/,User Alone,gemma3,false,0.6,No,,ignore,YES,,,,,,,
2026-01-19T21:23:13.763Z,start,34475ce1-2bed-40c2-8f7f-8824b31129f8,7,https://x.com/thibaultbrock/status/1226080474289844224,User Alone,gemma3,false,,,,,,,,,,,,
2026-01-19T21:23:18.911Z,decision,34475ce1-2bed-40c2-8f7f-8824b31129f8,7,https://x.com/thibaultbrock/status/1226080474289844224,User Alone,gemma3,false,0.6,Yes,,ignore,YES,,,,,,,
2026-01-19T21:23:41.555Z,start,34475ce1-2bed-40c2-8f7f-8824b31129f8,8,https://www.reddit.com/r/france/comments/swj2pu/jai_trouv%C3%A9_du_roquefort_soci%C3%A9t%C3%A9_aux_usa_et_il_y_a/,User Alone,gemma3,true,,,,,,,,,,,,
2026-01-19T21:23:45.957Z,decision,34475ce1-2bed-40c2-8f7f-8824b31129f8,8,https://www.reddit.com/r/france/comments/swj2pu/jai_trouv%C3%A9_du_roquefort_soci%C3%A9t%C3%A9_aux_usa_et_il_y_a/,User Alone,gemma3,true,0.9,Yes,,ignore,NO,,,,,,,
2026-01-19T21:24:25.423Z,start,34475ce1-2bed-40c2-8f7f-8824b31129f8,9,https://www.reddit.com/r/france/comments/tw35nv/avis_pour_robot_cuiseur/,User Alone,gemma3,false,,,,,,,,,,,,
2026-01-19T21:24:29.918Z,decision,34475ce1-2bed-40c2-8f7f-8824b31129f8,9,https://www.reddit.com/r/france/comments/tw35nv/avis_pour_robot_cuiseur/,User Alone,gemma3,false,0.6,Yes,,ignore,YES,,,,,,,
2026-01-19T21:24:52.547Z,start,34475ce1-2bed-40c2-8f7f-8824b31129f8,10,https://www.reddit.com/r/france/comments/u3lgkb/questce_qui_rend_votre_m%C3%A9tier_indispensable/,User Alone,gemma3,true,,,,,,,,,,,,
2026-01-19T21:24:57.834Z,decision,34475ce1-2bed-40c2-8f7f-8824b31129f8,10,https://www.reddit.com/r/france/comments/u3lgkb/questce_qui_rend_votre_m%C3%A9tier_indispensable/,User Alone,gemma3,true,0.6,No,,ignore,NO,,,,,,,