timestamp,event_type,session_id,trial_id,post,condition,model_used,ai_generated_post,user_confidence,user_decision,decision_time_ms,user_action,correct,ai_output_probability,ai_output_response,ai_output_conclusion,ai_uncertainty,extracted_text,capture_name,notes
2026-01-19T20:22:26.984Z,post_edited,fbc9a83a-6521-4fde-b709-b9a61f23ad5e,"
",https://www.jeuxvideo.com/forums/42-3031-48483812-1-0-1-0-compatibilite-sauvegarde-entre-versions-sur-ps1.htm,User + AI,,FALSE,,,,,,,,,,,,
2026-01-19T20:22:27.087Z,post_edited,fbc9a83a-6521-4fde-b709-b9a61f23ad5e,"
",https://www.jeuxvideo.com/forums/42-3000003-70395444-1-0-1-0-trophees-non-debloque.htm,User + AI,,TRUE,,,,,,,,,,,,
2026-01-19T20:22:27.460Z,post_edited,fbc9a83a-6521-4fde-b709-b9a61f23ad5e,"
",https://www.reddit.com/r/Lyon/comments/tgzdyz/le_30_mars_2022_la_ville_de_lyon_passe_%C3%A0_30kmh/,User + AI,,TRUE,,,,,,,,,,,,
2026-01-19T20:22:28.197Z,post_edited,fbc9a83a-6521-4fde-b709-b9a61f23ad5e,"
",https://www.reddit.com/r/france/comments/tw35nv/avis_pour_robot_cuiseur/,User + AI,,TRUE,,,,,,,,,,,,
2026-01-19T20:22:28.274Z,post_edited,fbc9a83a-6521-4fde-b709-b9a61f23ad5e,"
",https://www.reddit.com/r/france/comments/swj2pu/jai_trouv%C3%A9_du_roquefort_soci%C3%A9t%C3%A9_aux_usa_et_il_y_a/,User + AI,,TRUE,,,,,,,,,,,,
2026-01-19T20:22:28.375Z,post_edited,fbc9a83a-6521-4fde-b709-b9a61f23ad5e,"
",https://www.reddit.com/r/france/comments/u3lgkb/questce_qui_rend_votre_m%C3%A9tier_indispensable/,User + AI,,FALSE,,,,,,,,,,,,
2026-01-19T20:22:28.383Z,post_edited,fbc9a83a-6521-4fde-b709-b9a61f23ad5e,"
",https://www.reddit.com/r/france/comments/uni1lh/que_peuton_faire_si_on_a_identifi%C3%A9_un_vendeur/,User + AI,,TRUE,,,,,,,,,,,,
2026-01-19T20:22:28.395Z,post_edited,fbc9a83a-6521-4fde-b709-b9a61f23ad5e,"
",https://www.reddit.com/r/france/comments/uquq0g/estce_que_vous_avez_une_d%C3%A9formation/,User + AI,,FALSE,,,,,,,,,,,,
2026-01-19T20:22:28.437Z,post_edited,fbc9a83a-6521-4fde-b709-b9a61f23ad5e,"
",https://www.reddit.com/r/france/comments/iwiq5r/suggestions_de_hobby/,User + AI,,TRUE,,,,,,,,,,,,
2026-01-19T20:22:28.570Z,post_edited,fbc9a83a-6521-4fde-b709-b9a61f23ad5e,"
",https://www.reddit.com/r/philosophie/comments/vz90xf/pour_vous_quel_serait_le_sens_de_la_vie/,User + AI,,TRUE,,,,,,,,,,,,
2026-01-19T20:22:28.876Z,post_edited,fbc9a83a-6521-4fde-b709-b9a61f23ad5e,"
",https://x.com/thibaultbrock/status/1226080474289844224,User + AI,,FALSE,,,,,,,,,,,,
2026-01-19T20:24:30.533Z,start,fbc9a83a-6521-4fde-b709-b9a61f23ad5e,0,https://www.reddit.com/r/france/comments/uni1lh/que_peuton_faire_si_on_a_identifi%C3%A9_un_vendeur,User + AI,gemma3,TRUE,,,,,,,,,,,,
2026-01-19T20:25:05.533Z,manual_text_edit,fbc9a83a-6521-4fde-b709-b9a61f23ad5e,0,https://www.reddit.com/r/france/comments/uni1lh/que_peuton_faire_si_on_a_identifi%C3%A9_un_vendeur,User + AI,gemma3,TRUE,,,,,,,,,,,,
2026-01-19T20:25:05.977Z,evaluate_clicked,fbc9a83a-6521-4fde-b709-b9a61f23ad5e,0,https://www.reddit.com/r/france/comments/uni1lh/que_peuton_faire_si_on_a_identifi%C3%A9_un_vendeur,User + AI,gemma3,TRUE,,,,,,,,,,"Punaise, c'est vraiment chiant pour ton ami, ces vols de colis √ßa arrive trop souvent‚Ä¶

Pour essayer d'aider un peu, je pense qu'il faudrait vraiment envoyer tout √ßa √† la police ou gendarmerie, genre :

- Les preuves d'achat (facture, capture √©cran de la commande)
- Les preuves que le colis a disparu (le suivi GLS, les dates‚Ä¶)
- Le lien vers l'annonce eBay et le profil du vendeur, avec tout ce qu'il a vendu d'autre.

√áa peut vraiment les aider √† identifier le mec et, m√™me si r√©cup√©rer le Steam Deck est pas gagn√©, au moins qu'il se ferra. C'est d√©j√† √ßa, non ?

En esp√©rant qu'ils trouvent le receleur. C'est tellement frustrant de voir que les voleurs s'en sortent comme",,
2026-01-19T20:25:05.984Z,evaluation_ended,fbc9a83a-6521-4fde-b709-b9a61f23ad5e,0,https://www.reddit.com/r/france/comments/uni1lh/que_peuton_faire_si_on_a_identifi%C3%A9_un_vendeur,User + AI,gemma3,TRUE,,,,,,0.2,"**Vari√©t√© et naturel de l‚Äô√©criture :** Le texte pr√©sente un rythme conversationnel, avec des phrases de longueurs vari√©es et des interjections (¬´ Punaise ¬ª, ¬´ C‚Äôest d√©j√† √ßa, non ? ¬ª). L‚Äôutilisation de points de suspension et d'expressions famili√®res contribue √† un ton spontan√© et informel.

**Pr√©visibilit√© du langage :** Le vocabulaire est courant et accessible. Les conseils donn√©s sont logiques et attendus dans ce type de situation. Le texte n‚Äôutilise pas de figures de style ou de tournures de phrases particuli√®rement originales.

**Pr√©sence d‚Äôune voix humaine :** Le texte exprime clairement de l‚Äôempathie et de la frustration face √† la situation du destinataire. L'utilisation de termes familiers, d'onomatop√©es et de questions rh√©toriques donne l'impression d'une v√©ritable personne exprimant son opinion et sa compassion.","Le texte pr√©sente de forts indices d‚Äôune √©criture humaine, notamment par son ton empathique, son rythme conversationnel et l‚Äôutilisation d‚Äôun langage familier. La combinaison de ces √©l√©ments sugg√®re une expression personnelle authentique.",medium,"Punaise, c'est vraiment chiant pour ton ami, ces vols de colis √ßa arrive trop souvent‚Ä¶

Pour essayer d'aider un peu, je pense qu'il faudrait vraiment envoyer tout √ßa √† la police ou gendarmerie, genre :

- Les preuves d'achat (facture, capture √©cran de la commande)
- Les preuves que le colis a disparu (le suivi GLS, les dates‚Ä¶)
- Le lien vers l'annonce eBay et le profil du vendeur, avec tout ce qu'il a vendu d'autre.

√áa peut vraiment les aider √† identifier le mec et, m√™me si r√©cup√©rer le Steam Deck est pas gagn√©, au moins qu'il se ferra. C'est d√©j√† √ßa, non ?

En esp√©rant qu'ils trouvent le receleur. C'est tellement frustrant de voir que les voleurs s'en sortent comme",,
2026-01-19T20:27:18.034Z,decision,fbc9a83a-6521-4fde-b709-b9a61f23ad5e,0,https://www.reddit.com/r/france/comments/uni1lh/que_peuton_faire_si_on_a_identifi%C3%A9_un_vendeur,User + AI,gemma3,TRUE,0.7,Yes,63320,refuse,NO,,,,,"Punaise, c'est vraiment chiant pour ton ami, ces vols de colis √ßa arrive trop souvent‚Ä¶

Pour essayer d'aider un peu, je pense qu'il faudrait vraiment envoyer tout √ßa √† la police ou gendarmerie, genre :

- Les preuves d'achat (facture, capture √©cran de la commande)
- Les preuves que le colis a disparu (le suivi GLS, les dates‚Ä¶)
- Le lien vers l'annonce eBay et le profil du vendeur, avec tout ce qu'il a vendu d'autre.

√áa peut vraiment les aider √† identifier le mec et, m√™me si r√©cup√©rer le Steam Deck est pas gagn√©, au moins qu'il se ferra. C'est d√©j√† √ßa, non ?

En esp√©rant qu'ils trouvent le receleur. C'est tellement frustrant de voir que les voleurs s'en sortent comme",,
2026-01-19T20:27:21.210Z,start,fbc9a83a-6521-4fde-b709-b9a61f23ad5e,1,https://www.reddit.com/r/france/comments/uquq0g/estce_que_vous_avez_une_d%C3%A9formation,User + AI,gemma3,FALSE,,,,,,,,,,,,
2026-01-19T20:28:01.210Z,manual_text_edit,fbc9a83a-6521-4fde-b709-b9a61f23ad5e,1,https://www.reddit.com/r/france/comments/uquq0g/estce_que_vous_avez_une_d%C3%A9formation,User + AI,gemma3,FALSE,,,,,,,,,,,,
2026-01-19T20:28:07.617Z,evaluate_clicked,fbc9a83a-6521-4fde-b709-b9a61f23ad5e,1,https://www.reddit.com/r/france/comments/uquq0g/estce_que_vous_avez_une_d%C3%A9formation,User + AI,gemma3,FALSE,,,,,,,,,,"Est-ce que vous avez une d√©formation professionnelle?
Pour moi personnellement non, mais j'ai rencontr√© plusieurs personnes qui ont tendance √† reproduire inconsciemment ce qu'elles font au travail. Notamment celles qui travaillent dans la sant√©.

J'ai plusieurs amies infirmi√®res qui rep√®rent les veines qu'elles pourraient utiliser pour faire des prises de sang, transfusions et j'en passe, sur les gens qui les entourent ou m√™me des inconnus, alors qu'elles sont au bar ou au restaurant

Et vous?",,
2026-01-19T20:28:07.626Z,evaluation_ended,fbc9a83a-6521-4fde-b709-b9a61f23ad5e,1,https://www.reddit.com/r/france/comments/uquq0g/estce_que_vous_avez_une_d%C3%A9formation,User + AI,gemma3,FALSE,,,,,,0.6,"**Vari√©t√© et naturel de l‚Äô√©criture :** Le texte pr√©sente une structure simple, avec un m√©lange de phrases courtes et de phrases plus longues, mais globalement assez r√©guli√®res. Le rythme est plut√¥t fluide et conversationnel. La pr√©sence de connecteurs logiques est limit√©e.

**Pr√©visibilit√© du langage :** Le vocabulaire est courant et les formulations sont relativement pr√©visibles. Il n'y a pas de tournures de phrases particuli√®rement originales ou inhabituelles. Le contenu est anecdotique et pourrait facilement √™tre transpos√© √† d'autres situations.

**Pr√©sence d‚Äôune voix humaine :** Le texte s'ouvre sur une opinion personnelle (‚ÄúPour moi personnellement‚Äù), mais l'anecdote qui suit est pr√©sent√©e de mani√®re assez factuelle. Le ton est informel et le style est simple, ce qui sugg√®re une communication directe et sans artifice. L‚Äôutilisation du tutoiement renforce cet aspect.","Le texte pr√©sente une forte probabilit√© d‚Äôavoir √©t√© √©crit par un humain. Bien que le style soit simple et le vocabulaire courant, l‚Äôanecdote personnelle et le ton informel sugg√®rent une communication authentique et spontan√©e.",high,"Est-ce que vous avez une d√©formation professionnelle?
Pour moi personnellement non, mais j'ai rencontr√© plusieurs personnes qui ont tendance √† reproduire inconsciemment ce qu'elles font au travail. Notamment celles qui travaillent dans la sant√©.

J'ai plusieurs amies infirmi√®res qui rep√®rent les veines qu'elles pourraient utiliser pour faire des prises de sang, transfusions et j'en passe, sur les gens qui les entourent ou m√™me des inconnus, alors qu'elles sont au bar ou au restaurant

Et vous?",,
2026-01-19T20:29:16.353Z,decision,fbc9a83a-6521-4fde-b709-b9a61f23ad5e,1,https://www.reddit.com/r/france/comments/uquq0g/estce_que_vous_avez_une_d%C3%A9formation,User + AI,gemma3,FALSE,0.8,No,48246,refuse,NO,,,,,"Est-ce que vous avez une d√©formation professionnelle?
Pour moi personnellement non, mais j'ai rencontr√© plusieurs personnes qui ont tendance √† reproduire inconsciemment ce qu'elles font au travail. Notamment celles qui travaillent dans la sant√©.

J'ai plusieurs amies infirmi√®res qui rep√®rent les veines qu'elles pourraient utiliser pour faire des prises de sang, transfusions et j'en passe, sur les gens qui les entourent ou m√™me des inconnus, alors qu'elles sont au bar ou au restaurant

Et vous?",,
2026-01-19T20:30:36.760Z,start,fbc9a83a-6521-4fde-b709-b9a61f23ad5e,2,https://www.reddit.com/r/philosophie/comments/vz90xf/pour_vous_quel_serait_le_sens_de_la_vie,User + AI,gemma3,TRUE,,,,,,,,,,,,
2026-01-19T20:30:29.760Z,manual_text_edit,fbc9a83a-6521-4fde-b709-b9a61f23ad5e,2,https://www.reddit.com/r/philosophie/comments/vz90xf/pour_vous_quel_serait_le_sens_de_la_vie,User + AI,gemma3,TRUE,,,,,,,,,,,,
2026-01-19T20:30:29.835Z,evaluate_clicked,fbc9a83a-6521-4fde-b709-b9a61f23ad5e,2,https://www.reddit.com/r/philosophie/comments/vz90xf/pour_vous_quel_serait_le_sens_de_la_vie,User + AI,gemma3,TRUE,,,,,,,,,,"Euh‚Ä¶ le sens de la vie, √ßa me semble une question un peu b√™te en fait. Enfin, je ne pense pas qu'il y en ait un, honn√™tement. On est juste l√†, point. Une esp√®ce de‚Ä¶ hasard cosmique quoi.

Je vois pas trop ce qu'on pourrait y faire. Certains cherchent le bonheur, c'est cool pour eux, mais il me semble un peu na√Øf de penser que √ßa a une vraie valeur. Genre, dans 100 ans, tout le monde sera mort, l'univers s'en foutra compl√®tement.

Alors, au final, j'dirais que le mieux c'est peut-√™tre juste de faire avec, de pas trop y penser et‚Ä¶ osef, en fait. √áa marche pas toujours, mais bon, √ßa aide un peu. Enfin, je sais pas‚Ä¶ c'est juste mon avis.",,
2026-01-19T20:30:29.842Z,evaluation_ended,fbc9a83a-6521-4fde-b709-b9a61f23ad5e,2,https://www.reddit.com/r/philosophie/comments/vz90xf/pour_vous_quel_serait_le_sens_de_la_vie,User + AI,gemma3,TRUE,,,,,,0.3,"**Vari√©t√© et naturel de l‚Äô√©criture :** Le texte est caract√©ris√© par un rythme oral et h√©sitant, marqu√© par l'emploi fr√©quent d'interjections (¬´ Euh‚Ä¶ ¬ª) et de formules d'att√©nuation (¬´ en fait ¬ª, ¬´ un peu ¬ª). Les phrases sont de longueur variable, alternant entre propositions courtes et d√©veloppements plus longs, ce qui cr√©e une impression de spontan√©it√©.

**Pr√©visibilit√© du langage :** Le vocabulaire est simple et courant, sans recherche particuli√®re. Les id√©es exprim√©es sont des r√©flexions philosophiques classiques, mais pr√©sent√©es de mani√®re tr√®s personnelle et informelle. Certaines tournures de phrases sont peu conventionnelles (¬´ il me semble un peu na√Øf de penser que √ßa a une vraie valeur ¬ª) et sortent des sentiers battus.

**Pr√©sence d‚Äôune voix humaine :** Le texte est fortement marqu√© par la subjectivit√© et l'expression d'opinions personnelles (¬´ √áa marche pas toujours, mais bon, √ßa aide un peu ¬ª, ¬´ c'est juste mon avis ¬ª). Les h√©sitations, les r√©p√©titions et le ton familier contribuent √† cr√©er une impression d'authenticit√© et de sinc√©rit√©.","Le texte pr√©sente de nombreux √©l√©ments indiquant une √©criture humaine, notamment son style oral, ses h√©sitations, son ton personnel et l'expression d'un point de vue subjectif. Bien que les id√©es abord√©es soient classiques, leur pr√©sentation informelle et nuanc√©e plaide en faveur d'une origine humaine.",medium,"Euh‚Ä¶ le sens de la vie, √ßa me semble une question un peu b√™te en fait. Enfin, je ne pense pas qu'il y en ait un, honn√™tement. On est juste l√†, point. Une esp√®ce de‚Ä¶ hasard cosmique quoi.

Je vois pas trop ce qu'on pourrait y faire. Certains cherchent le bonheur, c'est cool pour eux, mais il me semble un peu na√Øf de penser que √ßa a une vraie valeur. Genre, dans 100 ans, tout le monde sera mort, l'univers s'en foutra compl√®tement.

Alors, au final, j'dirais que le mieux c'est peut-√™tre juste de faire avec, de pas trop y penser et‚Ä¶ osef, en fait. √áa marche pas toujours, mais bon, √ßa aide un peu. Enfin, je sais pas‚Ä¶ c'est juste mon avis.",,
2026-01-19T20:31:20.708Z,decision,fbc9a83a-6521-4fde-b709-b9a61f23ad5e,2,https://www.reddit.com/r/philosophie/comments/vz90xf/pour_vous_quel_serait_le_sens_de_la_vie,User + AI,gemma3,TRUE,0.8,Yes,50833,refuse,NO,,,,,"Euh‚Ä¶ le sens de la vie, √ßa me semble une question un peu b√™te en fait. Enfin, je ne pense pas qu'il y en ait un, honn√™tement. On est juste l√†, point. Une esp√®ce de‚Ä¶ hasard cosmique quoi.

Je vois pas trop ce qu'on pourrait y faire. Certains cherchent le bonheur, c'est cool pour eux, mais il me semble un peu na√Øf de penser que √ßa a une vraie valeur. Genre, dans 100 ans, tout le monde sera mort, l'univers s'en foutra compl√®tement.

Alors, au final, j'dirais que le mieux c'est peut-√™tre juste de faire avec, de pas trop y penser et‚Ä¶ osef, en fait. √áa marche pas toujours, mais bon, √ßa aide un peu. Enfin, je sais pas‚Ä¶ c'est juste mon avis.",,
2026-01-19T20:31:22.781Z,start,fbc9a83a-6521-4fde-b709-b9a61f23ad5e,3,https://www.reddit.com/r/france/comments/iwiq5r/suggestions_de_hobby,User + AI,gemma3,TRUE,,,,,,,,,,,,
2026-01-19T20:32:01.781Z,manual_text_edit,fbc9a83a-6521-4fde-b709-b9a61f23ad5e,3,https://www.reddit.com/r/france/comments/iwiq5r/suggestions_de_hobby,User + AI,gemma3,TRUE,,,,,,,,,,,,
2026-01-19T20:32:04.437Z,evaluate_clicked,fbc9a83a-6521-4fde-b709-b9a61f23ad5e,3,https://www.reddit.com/r/france/comments/iwiq5r/suggestions_de_hobby,User + AI,gemma3,TRUE,,,,,,,,,,"Suggestions de hobby ?
Bonjour r/france!

Je me rends compte que je passe trop de temps devant l'√©cran ou √† assembler des Legos seul. C'est sympa au d√©but, mais √ßa devient du gaspillage de temps. J'aimerais trouver un vrai passe-temps, quelque chose qui ne prenne pas trop de place et ne co√ªte pas cher.

J'aimerais aussi arr√™ter de consommer passivement. Si en plus √ßa pouvait me rapporter un peu, m√™me symboliquement, ce serait super ! Je suis ouvert √† toutes les id√©es, je ne sais pas vraiment ce qui me plairait‚Ä¶ Vous avez des passions ou des activit√©s √† me faire d√©couvrir ?

Merci d'avance pour vos suggestions, je suis preneur de tous les conseils ! üôè",,
2026-01-19T20:32:04.449Z,evaluation_ended,fbc9a83a-6521-4fde-b709-b9a61f23ad5e,3,https://www.reddit.com/r/france/comments/iwiq5r/suggestions_de_hobby,User + AI,gemma3,TRUE,,,,,,0.4,"**Vari√©t√© et naturel de l‚Äô√©criture :** Le texte pr√©sente une alternance entre des phrases courtes et plus √©labor√©es, mais le rythme g√©n√©ral est assez fluide et direct. On observe une structure claire en paragraphes, avec une introduction, un d√©veloppement et une conclusion. L‚Äôutilisation de connecteurs logiques est pr√©sente mais sans exc√®s.

**Pr√©visibilit√© du langage :** Le vocabulaire est courant et accessible. Les expressions utilis√©es sont souvent attendues dans ce type de demande de conseil (ex: ""passe-temps"", ""consommer passivement"", ""√™tre preneur""). L‚Äôensemble d√©gage une certaine simplicit√© qui peut le rendre moins original.

**Pr√©sence d‚Äôune voix humaine :** Le texte exprime clairement les besoins et les envies de l‚Äôauteur, avec une tonalit√© sinc√®re et humble. On per√ßoit une forme d‚Äôintrospection et de volont√© de changement. L‚Äôajout de d√©tails personnels (""Legos seul"", ""symboliquement"") contribue √† renforcer l‚Äôimpression d‚Äôune personne r√©elle qui s‚Äôexprime.","Le texte combine des √©l√©ments typiques d‚Äôune communication en ligne (simplicit√© du langage, demande de conseils) avec des touches personnelles qui sugg√®rent une expression authentique. Il est difficile de se prononcer avec certitude, mais les indices penchent l√©g√®rement en faveur d‚Äôune √©criture humaine.",high,"Suggestions de hobby ?
Bonjour r/france!

Je me rends compte que je passe trop de temps devant l'√©cran ou √† assembler des Legos seul. C'est sympa au d√©but, mais √ßa devient du gaspillage de temps. J'aimerais trouver un vrai passe-temps, quelque chose qui ne prenne pas trop de place et ne co√ªte pas cher.

J'aimerais aussi arr√™ter de consommer passivement. Si en plus √ßa pouvait me rapporter un peu, m√™me symboliquement, ce serait super ! Je suis ouvert √† toutes les id√©es, je ne sais pas vraiment ce qui me plairait‚Ä¶ Vous avez des passions ou des activit√©s √† me faire d√©couvrir ?

Merci d'avance pour vos suggestions, je suis preneur de tous les conseils ! üôè",,
2026-01-19T20:33:05.826Z,decision,fbc9a83a-6521-4fde-b709-b9a61f23ad5e,3,https://www.reddit.com/r/france/comments/iwiq5r/suggestions_de_hobby,User + AI,gemma3,TRUE,0.7,No,61356,accept,NO,,,,,"Suggestions de hobby ?
Bonjour r/france!

Je me rends compte que je passe trop de temps devant l'√©cran ou √† assembler des Legos seul. C'est sympa au d√©but, mais √ßa devient du gaspillage de temps. J'aimerais trouver un vrai passe-temps, quelque chose qui ne prenne pas trop de place et ne co√ªte pas cher.

J'aimerais aussi arr√™ter de consommer passivement. Si en plus √ßa pouvait me rapporter un peu, m√™me symboliquement, ce serait super ! Je suis ouvert √† toutes les id√©es, je ne sais pas vraiment ce qui me plairait‚Ä¶ Vous avez des passions ou des activit√©s √† me faire d√©couvrir ?

Merci d'avance pour vos suggestions, je suis preneur de tous les conseils ! üôè",,
2026-01-19T20:33:52.400Z,start,fbc9a83a-6521-4fde-b709-b9a61f23ad5e,4,https://www.jeuxvideo.com/forums/42-3031-48483812-1-0-1-0-compatibilite-sauvegarde-entre-versions-sur-ps1.htm,User + AI,gemma3,FALSE,,,,,,,,,,,,
2026-01-19T20:34:10.400Z,manual_text_edit,fbc9a83a-6521-4fde-b709-b9a61f23ad5e,4,https://www.jeuxvideo.com/forums/42-3031-48483812-1-0-1-0-compatibilite-sauvegarde-entre-versions-sur-ps1.htm,User + AI,gemma3,FALSE,,,,,,,,,,,,
2026-01-19T20:34:10.958Z,evaluate_clicked,fbc9a83a-6521-4fde-b709-b9a61f23ad5e,4,https://www.jeuxvideo.com/forums/42-3031-48483812-1-0-1-0-compatibilite-sauvegarde-entre-versions-sur-ps1.htm,User + AI,gemma3,FALSE,,,,,,,,,,"Aucune id√©e... Je dirais oui, √† tester avec des iso sur √©mulateur d'abord pour √™tre s√ªr.",,
2026-01-19T20:34:10.968Z,evaluation_ended,fbc9a83a-6521-4fde-b709-b9a61f23ad5e,4,https://www.jeuxvideo.com/forums/42-3031-48483812-1-0-1-0-compatibilite-sauvegarde-entre-versions-sur-ps1.htm,User + AI,gemma3,FALSE,,,,,,0.6,"**Vari√©t√© et naturel de l‚Äô√©criture :** Le texte est tr√®s court et compos√© de phrases simples. Le rythme est direct, voire abrupte, comme une r√©ponse rapide √† une question. L'absence de connecteurs logiques renforce cette impression de spontan√©it√©.

**Pr√©visibilit√© du langage :** Le vocabulaire est courant et les expressions sont banales. La formulation est directe et ne pr√©sente pas de particularit√© stylistique. On pourrait s'attendre √† ce type de r√©ponse dans une conversation informelle

**Pr√©sence d‚Äôune voix humaine :** Le texte exprime une opinion br√®ve et incertaine (""Aucune id√©e...""). La suggestion de tester est pragmatique et rappelle une d√©marche de d√©pannage courante chez les joueurs.","Le texte pr√©sente des caract√©ristiques d‚Äôune √©criture humaine, notamment par sa concision, son ton informel et sa r√©ponse pratique √† une question. Cependant, sa bri√®vet√© et son manque de d√©tails ne permettent pas d‚Äô√©carter totalement une origine artificielle.",high,"Aucune id√©e... Je dirais oui, √† tester avec des iso sur √©mulateur d'abord pour √™tre s√ªr.",,
2026-01-19T20:35:21.243Z,decision,fbc9a83a-6521-4fde-b709-b9a61f23ad5e,4,https://www.jeuxvideo.com/forums/42-3031-48483812-1-0-1-0-compatibilite-sauvegarde-entre-versions-sur-ps1.htm,User + AI,gemma3,FALSE,0.5,No,70245,refuse,NO,,,,,"Aucune id√©e... Je dirais oui, √† tester avec des iso sur √©mulateur d'abord pour √™tre s√ªr.",,
2026-01-19T20:35:46.724Z,start,fbc9a83a-6521-4fde-b709-b9a61f23ad5e,5,https://www.jeuxvideo.com/forums/42-3000003-70395444-1-0-1-0-trophees-non-debloque.htm,User + AI,gemma3,TRUE,,,,,,,,,,,,
2026-01-19T20:36:20.724Z,manual_text_edit,fbc9a83a-6521-4fde-b709-b9a61f23ad5e,5,https://www.jeuxvideo.com/forums/42-3000003-70395444-1-0-1-0-trophees-non-debloque.htm,User + AI,gemma3,TRUE,,,,,,,,,,,,
2026-01-19T20:36:20.793Z,evaluate_clicked,fbc9a83a-6521-4fde-b709-b9a61f23ad5e,5,https://www.jeuxvideo.com/forums/42-3000003-70395444-1-0-1-0-trophees-non-debloque.htm,User + AI,gemma3,TRUE,,,,,,,,,,Tes sur que ta bien fait les d√©fis en mode difficile ? Moi aussi j'ai cru que √ßa avait bugger mais en faite j'en avais oublier un dans l'ar√®ne du haut.,,
2026-01-19T20:36:20.804Z,evaluation_ended,fbc9a83a-6521-4fde-b709-b9a61f23ad5e,5,https://www.jeuxvideo.com/forums/42-3000003-70395444-1-0-1-0-trophees-non-debloque.htm,User + AI,gemma3,TRUE,,,,,,0.15,"**Vari√©t√© et naturel de l‚Äô√©criture :** Le texte est court et utilise un langage tr√®s familier, voire rel√¢ch√© (¬´¬†Tes sur ¬ª, ¬´¬†bugger¬†¬ª). Les phrases sont simples et directes, avec un rythme rapide. L‚Äôensemble donne l‚Äôimpression d‚Äôune conversation informelle et spontan√©e.

**Pr√©visibilit√© du langage :** Le vocabulaire est limit√© et les tournures de phrases sont tr√®s courantes. Le contenu est ax√© sur une question pratique et une r√©solution de probl√®me sp√©cifique, ce qui rend le langage assez pr√©visible.

**Pr√©sence d‚Äôune voix humaine :** Le texte utilise des abr√©viations et des fautes d'orthographe courantes dans les √©changes √©crits informels. L'auteur exprime une h√©sitation (","Le texte pr√©sente des caract√©ristiques fortes d'une √©criture humaine spontan√©e, notamment son langage familier, ses erreurs et l'expression d'un v√©cu personnel. La bri√®vet√© et la simplicit√© ne sont pas n√©cessairement le signe d'une IA.",low,Tes sur que ta bien fait les d√©fis en mode difficile ? Moi aussi j'ai cru que √ßa avait bugger mais en faite j'en avais oublier un dans l'ar√®ne du haut.,,
2026-01-19T20:37:13.839Z,decision,fbc9a83a-6521-4fde-b709-b9a61f23ad5e,5,https://www.jeuxvideo.com/forums/42-3000003-70395444-1-0-1-0-trophees-non-debloque.htm,User + AI,gemma3,TRUE,0.6,No,53017,accept,NO,,,,,Tes sur que ta bien fait les d√©fis en mode difficile ? Moi aussi j'ai cru que √ßa avait bugger mais en faite j'en avais oublier un dans l'ar√®ne du haut.,,
2026-01-19T20:38:03.018Z,start,fbc9a83a-6521-4fde-b709-b9a61f23ad5e,6,https://www.reddit.com/r/france/comments/u3lgkb/questce_qui_rend_votre_m%C3%A9tier_indispensable/,User + AI,gemma3,FALSE,,,,,,,,,,,,
2026-01-19T20:38:58.018Z,manual_text_edit,fbc9a83a-6521-4fde-b709-b9a61f23ad5e,6,https://www.reddit.com/r/france/comments/u3lgkb/questce_qui_rend_votre_m%C3%A9tier_indispensable/,User + AI,gemma3,FALSE,,,,,,,,,,,,
2026-01-19T20:39:02.640Z,evaluate_clicked,fbc9a83a-6521-4fde-b709-b9a61f23ad5e,6,https://www.reddit.com/r/france/comments/u3lgkb/questce_qui_rend_votre_m%C3%A9tier_indispensable/,User + AI,gemma3,FALSE,,,,,,,,,,"Qu'est-ce qui rend votre m√©tier indispensable ?
Je me suis dis que cela pourrait √™tre int√©ressant Pour ma part je suis agriculteur donc sans mon m√©tier personne ne mange, pour √™tre pr√©cis je suis chevrier avec des ch√®vres en p√¢ture donc adieu les petits fromages de ch√®vres et fini les ballades puisque que sans leur action le territoire s'ensauvagerait et il faudrait y aller avec une machette.",,
2026-01-19T20:39:02.649Z,evaluation_ended,fbc9a83a-6521-4fde-b709-b9a61f23ad5e,6,https://www.reddit.com/r/france/comments/u3lgkb/questce_qui_rend_votre_m%C3%A9tier_indispensable/,User + AI,gemma3,FALSE,,,,,,0.4,"**Vari√©t√© et naturel de l‚Äô√©criture :** Le texte pr√©sente une alternance in√©gale entre phrases courtes et plus longues. On observe une tendance √† l'accumulation d'id√©es et de propositions, ce qui peut cr√©er un rythme l√©g√®rement hach√©. Plusieurs phrases commencent par des expressions comme ""Je me suis dis"", ""Pour ma part"", sugg√©rant une construction orale ou spontan√©e.

**Pr√©visibilit√© du langage :** Le vocabulaire est simple et courant, mais certaines tournures sont inhabituelles (""adieu les petits fromages"", ""il faudrait y aller avec une machette""), ce qui rompt avec un langage trop g√©n√©rique. L‚Äôutilisation de ""donc"" est fr√©quente pour lier les id√©es, cr√©ant un encha√Ænement logique mais parfois un peu lourd.

**Pr√©sence d‚Äôune voix humaine :** Le texte exprime une opinion personnelle et un attachement au m√©tier de l'auteur. L'emploi de tournures famili√®res et l'accumulation de d√©tails concrets (√©levage caprin, p√¢ture, territoire) renforcent cette impression de v√©cu personnel et de subjectivit√©.","Le texte pr√©sente un m√©lange d'√©l√©ments typiques d'une √©criture humaine (spontan√©it√©, subjectivit√©, d√©tails concrets) et de caract√©ristiques pouvant √™tre imit√©es par une intelligence artificielle (rythme parfois in√©gal, encha√Ænement logique des id√©es). La pr√©visibilit√© globale reste mod√©r√©e.",high,"Qu'est-ce qui rend votre m√©tier indispensable ?
Je me suis dis que cela pourrait √™tre int√©ressant Pour ma part je suis agriculteur donc sans mon m√©tier personne ne mange, pour √™tre pr√©cis je suis chevrier avec des ch√®vres en p√¢ture donc adieu les petits fromages de ch√®vres et fini les ballades puisque que sans leur action le territoire s'ensauvagerait et il faudrait y aller avec une machette.",,
2026-01-19T20:40:01.745Z,decision,fbc9a83a-6521-4fde-b709-b9a61f23ad5e,6,https://www.reddit.com/r/france/comments/u3lgkb/questce_qui_rend_votre_m%C3%A9tier_indispensable/,User + AI,gemma3,FALSE,0.6,Yes,59065,refuse,NO,,,,,"Qu'est-ce qui rend votre m√©tier indispensable ?
Je me suis dis que cela pourrait √™tre int√©ressant Pour ma part je suis agriculteur donc sans mon m√©tier personne ne mange, pour √™tre pr√©cis je suis chevrier avec des ch√®vres en p√¢ture donc adieu les petits fromages de ch√®vres et fini les ballades puisque que sans leur action le territoire s'ensauvagerait et il faudrait y aller avec une machette.",,
2026-01-19T20:40:42.195Z,start,fbc9a83a-6521-4fde-b709-b9a61f23ad5e,7,https://www.reddit.com/r/france/comments/tw35nv/avis_pour_robot_cuiseur/,User + AI,gemma3,TRUE,,,,,,,,,,,,
2026-01-19T20:41:42.195Z,manual_text_edit,fbc9a83a-6521-4fde-b709-b9a61f23ad5e,7,https://www.reddit.com/r/france/comments/tw35nv/avis_pour_robot_cuiseur/,User + AI,gemma3,TRUE,,,,,,,,,,,,
2026-01-19T20:41:43.753Z,evaluate_clicked,fbc9a83a-6521-4fde-b709-b9a61f23ad5e,7,https://www.reddit.com/r/france/comments/tw35nv/avis_pour_robot_cuiseur/,User + AI,gemma3,TRUE,,,,,,,,,,"Je crois que tu parles du Monsieur Cuisine de Lidl ? J'avais un peu peur aussi au d√©but, vu qu'ils ont souvent des trucs un peu‚Ä¶ bof, mais je me suis lanc√© en fait. Je l'ai trouv√© d'occase, vraiment pas cher, et il √©tait en super √©tat.

Je l'utilise pas mal, pour faire des soupes, des rago√ªts, des trucs comme √ßa. C'est vraiment un gain de temps dingue, surtout quand on bosse. Et il a d√©j√† quelques ann√©es, je l'ai depuis un moment et il tourne toujours nickel.

Franchement, pour le prix, je regrette pas du tout. Apr√®s, c'est clair que c'est pas un Thermomix, mais √ßa fait largement le job pour moi !",,
2026-01-19T20:41:43.763Z,evaluation_ended,fbc9a83a-6521-4fde-b709-b9a61f23ad5e,7,https://www.reddit.com/r/france/comments/tw35nv/avis_pour_robot_cuiseur/,User + AI,gemma3,TRUE,,,,,,0.2,"**Vari√©t√© et naturel de l‚Äô√©criture :** Le texte adopte un style conversationnel et informel, avec des phrases de longueurs variables et un rythme assez rapide. L'utilisation de r√©p√©titions, d'expressions famili√®res (""dingue"", ""bof"", ""nickel"") et d'h√©sitations (""euh"", implicites) renforce l'impression de spontan√©it√©. La structure est peu soign√©e, avec des phrases parfois incompl√®tes et des transitions abruptes.

**Pr√©visibilit√© du langage :** Le vocabulaire est courant et accessible, sans recherche particuli√®re. Les id√©es exprim√©es sont typiques d'un avis sur un produit, et suivent une progression logique (peur initiale, essai, satisfaction). L'utilisation de comparaisons (‚ÄúThermomix‚Äù) est classique dans ce type de t√©moignage.

**Pr√©sence d‚Äôune voix humaine :** Le texte transmet une opinion personnelle claire et nuanc√©e, avec des r√©f√©rences √† un v√©cu pr√©cis (achat d'occasion, utilisation quotidienne, contexte professionnel). La personne exprime ses doutes initiaux, puis son enthousiasme, de mani√®re authentique et relatable.","Le texte pr√©sente de forts indices d'une √©criture humaine, notamment par son style conversationnel, ses expressions famili√®res et la mention d'un v√©cu personnel.",medium,"Je crois que tu parles du Monsieur Cuisine de Lidl ? J'avais un peu peur aussi au d√©but, vu qu'ils ont souvent des trucs un peu‚Ä¶ bof, mais je me suis lanc√© en fait. Je l'ai trouv√© d'occase, vraiment pas cher, et il √©tait en super √©tat.

Je l'utilise pas mal, pour faire des soupes, des rago√ªts, des trucs comme √ßa. C'est vraiment un gain de temps dingue, surtout quand on bosse. Et il a d√©j√† quelques ann√©es, je l'ai depuis un moment et il tourne toujours nickel.

Franchement, pour le prix, je regrette pas du tout. Apr√®s, c'est clair que c'est pas un Thermomix, mais √ßa fait largement le job pour moi !",,
2026-01-19T20:42:40.663Z,decision,fbc9a83a-6521-4fde-b709-b9a61f23ad5e,7,https://www.reddit.com/r/france/comments/tw35nv/avis_pour_robot_cuiseur/,User + AI,gemma3,TRUE,0.7,No,56864,accept,NO,,,,,"Je crois que tu parles du Monsieur Cuisine de Lidl ? J'avais un peu peur aussi au d√©but, vu qu'ils ont souvent des trucs un peu‚Ä¶ bof, mais je me suis lanc√© en fait. Je l'ai trouv√© d'occase, vraiment pas cher, et il √©tait en super √©tat.

Je l'utilise pas mal, pour faire des soupes, des rago√ªts, des trucs comme √ßa. C'est vraiment un gain de temps dingue, surtout quand on bosse. Et il a d√©j√† quelques ann√©es, je l'ai depuis un moment et il tourne toujours nickel.

Franchement, pour le prix, je regrette pas du tout. Apr√®s, c'est clair que c'est pas un Thermomix, mais √ßa fait largement le job pour moi !",,
2026-01-19T20:43:11.698Z,start,fbc9a83a-6521-4fde-b709-b9a61f23ad5e,8,https://www.reddit.com/r/france/comments/swj2pu/jai_trouv%C3%A9_du_roquefort_soci%C3%A9t%C3%A9_aux_usa_et_il_y_a/,User + AI,gemma3,TRUE,,,,,,,,,,,,
2026-01-19T20:45:07.698Z,manual_text_edit,fbc9a83a-6521-4fde-b709-b9a61f23ad5e,8,https://www.reddit.com/r/france/comments/swj2pu/jai_trouv%C3%A9_du_roquefort_soci%C3%A9t%C3%A9_aux_usa_et_il_y_a/,User + AI,gemma3,TRUE,,,,,,,,,,,,
2026-01-19T20:45:08.610Z,evaluate_clicked,fbc9a83a-6521-4fde-b709-b9a61f23ad5e,8,https://www.reddit.com/r/france/comments/swj2pu/jai_trouv%C3%A9_du_roquefort_soci%C3%A9t%C3%A9_aux_usa_et_il_y_a/,User + AI,gemma3,TRUE,,,,,,,,,,"Roquefort Soci√©t√© qui effraie les US ? üòÇ Trop bien ! On dirait qu'ils ont peur de devenir des r√¢leurs !

La moutarde Maille, c'est du vol ! Une version fade et sans √¢me, c'est du camembert en plastique üò§

Bravo pour le ""charcuterie"" √† l'√©tranger, faut d√©fendre nos traditions !",,
2026-01-19T20:45:08.618Z,evaluation_ended,fbc9a83a-6521-4fde-b709-b9a61f23ad5e,8,https://www.reddit.com/r/france/comments/swj2pu/jai_trouv%C3%A9_du_roquefort_soci%C3%A9t%C3%A9_aux_usa_et_il_y_a/,User + AI,gemma3,TRUE,,,,,,0.1,"**Vari√©t√© et naturel de l‚Äô√©criture :** Le texte est tr√®s court et compos√© de phrases simples, voire t√©l√©graphiques. Il alterne entre exclamations, interrogations rh√©toriques et affirmations directes, cr√©ant un rythme vif et discontinu. L‚Äôutilisation d‚Äôemojis et de termes familiers (‚Äútrop bien‚Äù, ‚Äúr√¢leurs‚Äù) renforce l‚Äôimpression de spontan√©it√©.

**Pr√©visibilit√© du langage :** Le vocabulaire est courant et les expressions sont largement r√©pandues. Les comparaisons sont directes et imag√©es (‚Äúcamembert en plastique‚Äù), mais peu originales. Le texte utilise des codes du commentaire en ligne : humour, exag√©ration, opinions tranch√©es.

**Pr√©sence d‚Äôune voix humaine :** Le texte exprime clairement des √©motions (amusement, indignation) et un attachement aux traditions fran√ßaises. Le ton est subjectif, personnel et engag√©, avec une forte pr√©sence de l‚Äôauteur.","Le texte pr√©sente de tr√®s forts indices d‚Äôune √©criture humaine, notamment par son ton √©motionnel, sa spontan√©it√©, son humour et son engagement personnel. Le style informel et l‚Äôutilisation d‚Äôemojis confirment cette impression.",low,"Roquefort Soci√©t√© qui effraie les US ? üòÇ Trop bien ! On dirait qu'ils ont peur de devenir des r√¢leurs !

La moutarde Maille, c'est du vol ! Une version fade et sans √¢me, c'est du camembert en plastique üò§

Bravo pour le ""charcuterie"" √† l'√©tranger, faut d√©fendre nos traditions !",,
2026-01-19T20:45:29.503Z,decision,fbc9a83a-6521-4fde-b709-b9a61f23ad5e,8,https://www.reddit.com/r/france/comments/swj2pu/jai_trouv%C3%A9_du_roquefort_soci%C3%A9t%C3%A9_aux_usa_et_il_y_a/,User + AI,gemma3,TRUE,1,Yes,20852,refuse,NO,,,,,"Roquefort Soci√©t√© qui effraie les US ? üòÇ Trop bien ! On dirait qu'ils ont peur de devenir des r√¢leurs !

La moutarde Maille, c'est du vol ! Une version fade et sans √¢me, c'est du camembert en plastique üò§

Bravo pour le ""charcuterie"" √† l'√©tranger, faut d√©fendre nos traditions !",,
2026-01-19T20:45:47.605Z,start,fbc9a83a-6521-4fde-b709-b9a61f23ad5e,9,https://x.com/thibaultbrock/status/1226080474289844224,User + AI,gemma3,FALSE,,,,,,,,,,,,
2026-01-19T20:46:01.605Z,manual_text_edit,fbc9a83a-6521-4fde-b709-b9a61f23ad5e,9,https://x.com/thibaultbrock/status/1226080474289844224,User + AI,gemma3,FALSE,,,,,,,,,,,,
2026-01-19T20:46:01.787Z,evaluate_clicked,fbc9a83a-6521-4fde-b709-b9a61f23ad5e,9,https://x.com/thibaultbrock/status/1226080474289844224,User + AI,gemma3,FALSE,,,,,,,,,,"Le vraie richesse, c'est pas l'argent.

La vraie richesse, c'est d'avoir sa grand-m√®re de 94 ans au t√©l√©phone qui te dit : ""il y a un film sur le h√©risson bleu que je t'avais offert pour ta SEGA quand tu √©tais petit. J'peux pas venir avec toi mais il faut que tu ailles le voir""",,
2026-01-19T20:46:01.797Z,evaluation_ended,fbc9a83a-6521-4fde-b709-b9a61f23ad5e,9,https://x.com/thibaultbrock/status/1226080474289844224,User + AI,gemma3,FALSE,,,,,,0.2,"**Vari√©t√© et naturel de l‚Äô√©criture :** Le texte se compose de phrases courtes et d'un long paragraphe reprenant une conversation. L'alternance est marqu√©e, le d√©but √©tant tr√®s direct et le reste plus narratif. Le rythme est donc assez hach√©, puis se fluidifie.

**Pr√©visibilit√© du langage :** Les premi√®res phrases sont des constats g√©n√©raux, tandis que la suite est tr√®s sp√©cifique et anecdotique. Le r√©cit de la conversation contient des tournures orales typiques (""J'peux pas"") et un langage familier. Cette sp√©cificit√© rend le texte moins pr√©visible.

**Pr√©sence d‚Äôune voix humaine :** Le texte d√©gage une forte subjectivit√© et une √©motion palpable √† travers le souvenir √©voqu√©. La r√©f√©rence pr√©cise √† la grand-m√®re, au film et √† la SEGA ancre le texte dans un v√©cu personnel et authentique. L'utilisation du langage courant renforce l'impression d'une expression spontan√©e.","Le texte pr√©sente de forts indices d'une √©criture humaine, notamment par la narration d'une anecdote personnelle, l'utilisation d'un langage familier et l'expression d'√©motions.",medium,"Le vraie richesse, c'est pas l'argent.

La vraie richesse, c'est d'avoir sa grand-m√®re de 94 ans au t√©l√©phone qui te dit : ""il y a un film sur le h√©risson bleu que je t'avais offert pour ta SEGA quand tu √©tais petit. J'peux pas venir avec toi mais il faut que tu ailles le voir""",,
2026-01-19T20:47:02.624Z,decision,fbc9a83a-6521-4fde-b709-b9a61f23ad5e,9,https://x.com/thibaultbrock/status/1226080474289844224,User + AI,gemma3,FALSE,0.5,Yes,35616,refuse,NO,,,,,"Le vraie richesse, c'est pas l'argent.

La vraie richesse, c'est d'avoir sa grand-m√®re de 94 ans au t√©l√©phone qui te dit : ""il y a un film sur le h√©risson bleu que je t'avais offert pour ta SEGA quand tu √©tais petit. J'peux pas venir avec toi mais il faut que tu ailles le voir""",,
2026-01-19T20:49:20.275Z,start,fbc9a83a-6521-4fde-b709-b9a61f23ad5e,10,https://www.reddit.com/r/Lyon/comments/tgzdyz/le_30_mars_2022_la_ville_de_lyon_passe_%C3%A0_30kmh/,User + AI,gemma3,TRUE,,,,,,,,,,,,
2026-01-19T20:49:42.275Z,manual_text_edit,fbc9a83a-6521-4fde-b709-b9a61f23ad5e,10,https://www.reddit.com/r/Lyon/comments/tgzdyz/le_30_mars_2022_la_ville_de_lyon_passe_%C3%A0_30kmh/,User + AI,gemma3,TRUE,,,,,,,,,,,,
2026-01-19T20:49:42.433Z,evaluate_clicked,fbc9a83a-6521-4fde-b709-b9a61f23ad5e,10,https://www.reddit.com/r/Lyon/comments/tgzdyz/le_30_mars_2022_la_ville_de_lyon_passe_%C3%A0_30kmh/,User + AI,gemma3,TRUE,,,,,,,,,,"Franchement, je suis bien d'accord avec cette grosse mesure des 30 km/h. Y'en a marre de voir les mecs foncer en ville, c'est devenu n'importe quoi.

Entre ceux qui roulent √† donf, ceux qui grillent les feux rouges et les autres qui sont scotch√©s √† leur t√©l√©phone‚Ä¶ Ha oui, j'ai vu un chauffard il y a pas longtemps, limite il a failli percuter une mamie qui traversait.

Bon, ceux qui respectent les limitations, √ßa les concerne pas hein, mais faut bien faire quelque chose non ? C'est peut-√™tre pas la panac√©e, mais si √ßa peut √©viter des drames‚Ä¶",,
2026-01-19T20:49:42.440Z,evaluation_ended,fbc9a83a-6521-4fde-b709-b9a61f23ad5e,10,https://www.reddit.com/r/Lyon/comments/tgzdyz/le_30_mars_2022_la_ville_de_lyon_passe_%C3%A0_30kmh/,User + AI,gemma3,TRUE,,,,,,0.2,"**Vari√©t√© et naturel de l‚Äô√©criture :** Le texte utilise un style tr√®s oral, avec des phrases courtes et un vocabulaire familier. L'alternance entre phrases descriptives et exclamatives cr√©e un rythme rapide et spontan√©. L'utilisation de contractions (""Y'en a"", ""c'est"") renforce l'impression de langage parl√©.

**Pr√©visibilit√© du langage :** Le texte aborde un sujet courant (la vitesse en ville) avec des arguments et des expressions typiques du d√©bat. Les tournures de phrase sont simples et peu originales. Le vocabulaire est courant et peu recherch√©.

**Pr√©sence d‚Äôune voix humaine :** Le texte exprime clairement un avis personnel, avec des √©motions (agacement, inqui√©tude) et des exemples concrets (le chauffard qui a failli percuter une mamie). Le style informel et l‚Äôutilisation d‚Äôexpressions populaires donnent l‚Äôimpression d‚Äôune personne r√©elle qui s‚Äôexprime.","Le texte pr√©sente de forts indices d'une √©criture humaine, en particulier par son ton direct, son vocabulaire familier et l'expression d'un point de vue subjectif avec des exemples personnels.",medium,"Franchement, je suis bien d'accord avec cette grosse mesure des 30 km/h. Y'en a marre de voir les mecs foncer en ville, c'est devenu n'importe quoi.

Entre ceux qui roulent √† donf, ceux qui grillent les feux rouges et les autres qui sont scotch√©s √† leur t√©l√©phone‚Ä¶ Ha oui, j'ai vu un chauffard il y a pas longtemps, limite il a failli percuter une mamie qui traversait.

Bon, ceux qui respectent les limitations, √ßa les concerne pas hein, mais faut bien faire quelque chose non ? C'est peut-√™tre pas la panac√©e, mais si √ßa peut √©viter des drames‚Ä¶",,
2026-01-19T20:50:24.846Z,decision,fbc9a83a-6521-4fde-b709-b9a61f23ad5e,10,https://www.reddit.com/r/Lyon/comments/tgzdyz/le_30_mars_2022_la_ville_de_lyon_passe_%C3%A0_30kmh/,User + AI,gemma3,TRUE,0.8,Yes,42371,refuse,NO,,,,,"Franchement, je suis bien d'accord avec cette grosse mesure des 30 km/h. Y'en a marre de voir les mecs foncer en ville, c'est devenu n'importe quoi.

Entre ceux qui roulent √† donf, ceux qui grillent les feux rouges et les autres qui sont scotch√©s √† leur t√©l√©phone‚Ä¶ Ha oui, j'ai vu un chauffard il y a pas longtemps, limite il a failli percuter une mamie qui traversait.

Bon, ceux qui respectent les limitations, √ßa les concerne pas hein, mais faut bien faire quelque chose non ? C'est peut-√™tre pas la panac√©e, mais si √ßa peut √©viter des drames‚Ä¶",,